"Type","Line","Space","ID","Origin","InitialOrigin","Reference1","Reference2","Reference3","Tags","Roles","MaxUnauthorised","NumberReference1","NumberReference2","NumberReference3"
"Image","524","1","32c1a637-f2bd-4350-8be6-2a54a7225668","https://surfdrive.surf.nl/files/index.php/s/xskIw5cVL37umsk/download?path=%2FB&files=Babyloni%C3%A2nbroek+01.jpg","","babylonienbroek","","","","","-1","524","",""
"Image","1280","1","66a8a4e4-7579-4729-bed3-fb8ef43f048c","https://surfdrive.surf.nl/files/index.php/s/xskIw5cVL37umsk/download?path=%2FD&files=D%C3%85ffelward+%28Dld%29+01.jpg","","dueffelward-(dld)","","","","","-1","1280","",""
"Image","1281","1","46682c0e-67be-498e-a4bd-65d48d94bda9","https://surfdrive.surf.nl/files/index.php/s/xskIw5cVL37umsk/download?path=%2FD&files=D%C3%85ffelward+%28Dld%29+02.jpg","","dueffelward-(dld)","","","","","-1","1281","",""
"Image","2782","1","c123c327-0799-4591-8d92-48c2310c8ac0","https://surfdrive.surf.nl/files/index.php/s/xskIw5cVL37umsk/download?path=%2FH&files=H%C3%85them+%28Dld%29+01.jpg","","huethem-(dld)","","","","","-1","2782","",""
"Image","4292","1","f5af66f2-d107-4aa3-ad78-175752da5dd3","https://surfdrive.surf.nl/files/index.php/s/xskIw5cVL37umsk/download?path=%2FM&files=Mari%C3%A2nberg%2001.jpg","","marienberg","","","","","-1","4292","",""
"Image","4293","1","3f721d17-b2fe-4fa6-b6c8-bd8fbcebbea9","https://surfdrive.surf.nl/files/index.php/s/xskIw5cVL37umsk/download?path=%2FM&files=Mari%C3%A2nberg%2002.jpg","","marienberg","","","","","-1","4293","",""
"Image","4294","1","51def551-df46-4bea-b61e-47a593504512","https://surfdrive.surf.nl/files/index.php/s/xskIw5cVL37umsk/download?path=%2FM&files=Mari%C3%A2nberg%2003.jpg","","marienberg","","","","","-1","4294","",""
"Image","4295","1","d1a618e0-9915-43fe-b463-5d380a7dd8f2","https://surfdrive.surf.nl/files/index.php/s/xskIw5cVL37umsk/download?path=%2FM&files=Mari%C3%A2nvelde%2001.jpg","","marienvelde","","","","","-1","4295","",""
"Image","4296","1","c9eb4df3-138e-4c11-8373-87cef368066b","https://surfdrive.surf.nl/files/index.php/s/xskIw5cVL37umsk/download?path=%2FM&files=Mari%C3%A2nvelde%2002.jpg","","marienvelde","","","","","-1","4296","",""
"Image","5070","1","218a85b7-f71a-45cd-bcf9-2268b3627a86","https://surfdrive.surf.nl/files/index.php/s/xskIw5cVL37umsk/download?path=%2FO&files=Oh%C3%87%2001.jpg","","ohe","","","","","-1","5070","",""
"Image","5071","1","cf01a841-7a37-4fe6-9273-434e056028b2","https://surfdrive.surf.nl/files/index.php/s/xskIw5cVL37umsk/download?path=%2FO&files=Oh%C3%87%2002.jpg","","oheÌ§","","","","","-1","5071","",""
"Image","5072","1","99b6ac8c-864e-4237-829c-755e63f84da9","https://surfdrive.surf.nl/files/index.php/s/xskIw5cVL37umsk/download?path=%2FO&files=Oh%C3%87%2003.jpg","","ohe","","","","","-1","5072","",""
"Image","5627","1","1b887c68-60e9-471d-a97f-91281991b103","https://surfdrive.surf.nl/files/index.php/s/xskIw5cVL37umsk/download?path=%2FR&files=R%C3%85tenbrock%20(Dld)%2001.jpg","","ruetenbrock-(dld)","","","","","-1","5627","",""
"Image","5975","1","d62a13b3-f62d-4c7d-a3d8-d2c8b2b4fab9","https://surfdrive.surf.nl/files/index.php/s/xskIw5cVL37umsk/download?path=%2FS&files=%27s-Graveland%2001.jpg","","s-graveland","","","","","-1","5975","",""
"Image","5976","1","a86f6108-9ef5-4100-b07f-d2d6a02353bb","https://surfdrive.surf.nl/files/index.php/s/xskIw5cVL37umsk/download?path=%2FS&files=%27s-Graveland%2002.jpg","","s-graveland","","","","","-1","5976","",""
"Image","5977","1","db2f0802-086c-4f42-a5a6-518736260a0d","https://surfdrive.surf.nl/files/index.php/s/xskIw5cVL37umsk/download?path=%2FS&files=%27s-Gravendeel%2001.jpg","","s-gravendeel","","","","","-1","5977","",""
"Image","5978","1","648f3673-35fb-4e55-b440-12404ef79be2","https://surfdrive.surf.nl/files/index.php/s/xskIw5cVL37umsk/download?path=%2FS&files=%27s-Gravendeel%2002.jpg","","s-gravendeel","","","","","-1","5978","",""
"Image","5979","1","734ae4f1-1a12-4718-8b7d-2fbac1eeb29d","https://surfdrive.surf.nl/files/index.php/s/xskIw5cVL37umsk/download?path=%2FS&files=%27s-Gravendeel%2003.jpg","","s-gravendeel","","","","","-1","5979","",""
"Image","5980","1","eb091371-7163-46cf-be94-4b5c6452d1ce","https://surfdrive.surf.nl/files/index.php/s/xskIw5cVL37umsk/download?path=%2FS&files=%27s-Gravendeel%2004.jpg","","s-gravendeel","","","","","-1","5980","",""
"Image","5981","1","07024aa1-fada-479f-9405-f0b867f608f8","https://surfdrive.surf.nl/files/index.php/s/xskIw5cVL37umsk/download?path=%2FS&files=%27s-Gravenhage%2001.jpg","","s-gravenhage","","","","","-1","5981","",""
"Image","5982","1","6fdaf06a-7668-4112-bc5e-0093023c972c","https://surfdrive.surf.nl/files/index.php/s/xskIw5cVL37umsk/download?path=%2FS&files=%27s-Gravenhage%2002.jpg","","s-gravenhage","","","","","-1","5982","",""
"Image","5983","1","31c2e4bc-d4f2-4f1d-b5d5-996073f2401f","https://surfdrive.surf.nl/files/index.php/s/xskIw5cVL37umsk/download?path=%2FS&files=%27s-Gravenhage%2003.jpg","","s-gravenhage","","","","","-1","5983","",""
"Image","5984","1","07fb8438-185c-4d0b-a378-ad3f9ec8ff2f","https://surfdrive.surf.nl/files/index.php/s/xskIw5cVL37umsk/download?path=%2FS&files=%27s-Gravenhage%2004.jpg","","s-gravenhage","","","","","-1","5984","",""
"Image","5985","1","2e09c55a-5528-4820-a827-3fb772c55417","https://surfdrive.surf.nl/files/index.php/s/xskIw5cVL37umsk/download?path=%2FS&files=%27s-Gravenhage%2005.jpg","","s-gravenhage","","","","","-1","5985","",""
"Image","5986","1","8ba2fbfc-cbb2-4692-be60-05c17557c256","https://surfdrive.surf.nl/files/index.php/s/xskIw5cVL37umsk/download?path=%2FS&files=%27s-Gravenhage%2006.jpg","","s-gravenhage","","","","","-1","5986","",""
"Image","5987","1","dd71f458-53bf-4c8e-94e1-024661ea2ab5","https://surfdrive.surf.nl/files/index.php/s/xskIw5cVL37umsk/download?path=%2FS&files=%27s-Gravenhage%2007.jpg","","s-gravenhage","","","","","-1","5987","",""
"Image","5988","1","69487979-f27f-40b3-a637-6d22b4f4080c","https://surfdrive.surf.nl/files/index.php/s/xskIw5cVL37umsk/download?path=%2FS&files=%27s-Gravenhage%2008.jpg","","s-gravenhage","","","","","-1","5988","",""
"Image","5989","1","600e671e-03bd-4e7e-ba4a-14189cd851fe","https://surfdrive.surf.nl/files/index.php/s/xskIw5cVL37umsk/download?path=%2FS&files=%27s-Gravenhage%2009.jpg","","s-gravenhage","","","","","-1","5989","",""
"Image","5990","1","77840f9f-0f36-499f-b4b1-de0598b64720","https://surfdrive.surf.nl/files/index.php/s/xskIw5cVL37umsk/download?path=%2FS&files=%27s-Gravenhage%2010.jpg","","s-gravenhage","","","","","-1","5990","",""
"Image","5991","1","4edab709-3c74-4160-b2f4-59c8b2ecda21","https://surfdrive.surf.nl/files/index.php/s/xskIw5cVL37umsk/download?path=%2FS&files=%27s-Gravenhage%2011.jpg","","s-gravenhage","","","","","-1","5991","",""
"Image","5992","1","2ea892c4-54d5-4098-8382-4ab4ec41cbde","https://surfdrive.surf.nl/files/index.php/s/xskIw5cVL37umsk/download?path=%2FS&files=%27s-Gravenhage%2012.jpg","","s-gravenhage","","","","","-1","5992","",""
"Image","5993","1","e1c815d3-10b2-47ac-94f6-ad4e4206d410","https://surfdrive.surf.nl/files/index.php/s/xskIw5cVL37umsk/download?path=%2FS&files=%27s-Gravenhage%2013.jpg","","s-gravenhage","","","","","-1","5993","",""
"Image","5994","1","34b8d6c0-ef6e-4dfc-9618-0e14b0524cb6","https://surfdrive.surf.nl/files/index.php/s/xskIw5cVL37umsk/download?path=%2FS&files=%27s-Gravenhage%2014.jpg","","s-gravenhage","","","","","-1","5994","",""
"Image","5995","1","077a9cf5-43c6-4e8c-bdfd-52db572128ec","https://surfdrive.surf.nl/files/index.php/s/xskIw5cVL37umsk/download?path=%2FS&files=%27s-Gravenhage%2015.jpg","","s-gravenhage","","","","","-1","5995","",""
"Image","5996","1","cf7faad6-1bc2-4201-8dcf-10564822826b","https://surfdrive.surf.nl/files/index.php/s/xskIw5cVL37umsk/download?path=%2FS&files=%27s-Gravenhage%2016.jpg","","s-gravenhage","","","","","-1","5996","",""
"Image","5997","1","d132da4e-e88a-4146-9a86-23b2e82f86e6","https://surfdrive.surf.nl/files/index.php/s/xskIw5cVL37umsk/download?path=%2FS&files=%27s-Gravenhage%2017.jpg","","s-gravenhage","","","","","-1","5997","",""
"Image","5998","1","040cc8b8-e8b1-4846-9e5c-bdb024c934b6","https://surfdrive.surf.nl/files/index.php/s/xskIw5cVL37umsk/download?path=%2FS&files=%27s-Gravenhage%2018.jpg","","s-gravenhage","","","","","-1","5998","",""
"Image","5999","1","837d80b3-388a-41dd-ac08-0e16d5b04ef7","https://surfdrive.surf.nl/files/index.php/s/xskIw5cVL37umsk/download?path=%2FS&files=%27s-Gravenhage%2019.jpg","","s-gravenhage","","","","","-1","5999","",""
"Image","6000","1","86805c92-3922-405f-8ebf-165d875fefe5","https://surfdrive.surf.nl/files/index.php/s/xskIw5cVL37umsk/download?path=%2FS&files=%27s-Gravenhage%2020.jpg","","s-gravenhage","","","","","-1","6000","",""
"Image","6001","1","b57f86bb-18a7-4edb-8899-c8ad0b01d8d0","https://surfdrive.surf.nl/files/index.php/s/xskIw5cVL37umsk/download?path=%2FS&files=%27s-Gravenhage%2021.jpg","","s-gravenhage","","","","","-1","6001","",""
"Image","6002","1","f9751f0d-d2be-4d00-9673-75868379b4fa","https://surfdrive.surf.nl/files/index.php/s/xskIw5cVL37umsk/download?path=%2FS&files=%27s-Gravenhage%2022.jpg","","s-gravenhage","","","","","-1","6002","",""
"Image","6003","1","3d42d51e-d966-4631-83fa-d01edafa9aca","https://surfdrive.surf.nl/files/index.php/s/xskIw5cVL37umsk/download?path=%2FS&files=%27s-Gravenhage%2023.jpg","","s-gravenhage","","","","","-1","6003","",""
"Image","6004","1","961e1fe4-afcc-459b-a148-4cb8030336aa","https://surfdrive.surf.nl/files/index.php/s/xskIw5cVL37umsk/download?path=%2FS&files=%27s-Gravenhage%2024.jpg","","s-gravenhage","","","","","-1","6004","",""
"Image","6005","1","06122b6c-9a1f-4cda-ae10-ee12f7ca8255","https://surfdrive.surf.nl/files/index.php/s/xskIw5cVL37umsk/download?path=%2FS&files=%27s-Gravenhage%2025.jpg","","s-gravenhage","","","","","-1","6005","",""
"Image","6006","1","c016f54f-e87a-4c10-b774-5bedd313c0b3","https://surfdrive.surf.nl/files/index.php/s/xskIw5cVL37umsk/download?path=%2FS&files=%27s-Gravenhage%2026.jpg","","s-gravenhage","","","","","-1","6006","",""
"Image","6007","1","10c78ef8-d05d-4112-97a7-63ddcdef60e0","https://surfdrive.surf.nl/files/index.php/s/xskIw5cVL37umsk/download?path=%2FS&files=%27s-Gravenhage%2027.jpg","","s-gravenhage","","","","","-1","6007","",""
"Image","6008","1","eec55612-f69c-4b37-941e-47c5f77db09e","https://surfdrive.surf.nl/files/index.php/s/xskIw5cVL37umsk/download?path=%2FS&files=%27s-Gravenhage%2028.jpg","","s-gravenhage","","","","","-1","6008","",""
"Image","6009","1","aaf6450c-d662-42a8-b3dc-662aa235e485","https://surfdrive.surf.nl/files/index.php/s/xskIw5cVL37umsk/download?path=%2FS&files=%27s-Gravenhage%2029.jpg","","s-gravenhage","","","","","-1","6009","",""
"Image","6010","1","afdda991-5491-4358-962f-1147f6f6da11","https://surfdrive.surf.nl/files/index.php/s/xskIw5cVL37umsk/download?path=%2FS&files=%27s-Gravenhage%2030.jpg","","s-gravenhage","","","","","-1","6010","",""
"Image","6011","1","e1cf3bf7-3cd1-443c-8a05-a8073e46a353","https://surfdrive.surf.nl/files/index.php/s/xskIw5cVL37umsk/download?path=%2FS&files=%27s-Gravenhage%2031.jpg","","s-gravenhage","","","","","-1","6011","",""
"Image","6012","1","d7844fee-707f-4ab8-8aec-1b7b9c25c611","https://surfdrive.surf.nl/files/index.php/s/xskIw5cVL37umsk/download?path=%2FS&files=%27s-Gravenhage%2032.jpg","","s-gravenhage","","","","","-1","6012","",""
"Image","6013","1","3dea8c78-7995-4385-9af9-370398b8f238","https://surfdrive.surf.nl/files/index.php/s/xskIw5cVL37umsk/download?path=%2FS&files=%27s-Gravenhage%2033.jpg","","s-gravenhage","","","","","-1","6013","",""
"Image","6014","1","c60be4af-fc36-476c-a05e-be7ce5784671","https://surfdrive.surf.nl/files/index.php/s/xskIw5cVL37umsk/download?path=%2FS&files=%27s-Gravenhage%2034.jpg","","s-gravenhage","","","","","-1","6014","",""
"Image","6015","1","149dbe7e-2a0d-4970-bb27-f643e58e7a68","https://surfdrive.surf.nl/files/index.php/s/xskIw5cVL37umsk/download?path=%2FS&files=%27s-Gravenhage%2035.jpg","","s-gravenhage","","","","","-1","6015","",""
"Image","6016","1","78d088c0-ab1e-462d-b97c-cf397929d18b","https://surfdrive.surf.nl/files/index.php/s/xskIw5cVL37umsk/download?path=%2FS&files=%27s-Gravenhage%2036.jpg","","s-gravenhage","","","","","-1","6016","",""
"Image","6017","1","f4ad9e0f-fef2-4316-9214-c91f8746348e","https://surfdrive.surf.nl/files/index.php/s/xskIw5cVL37umsk/download?path=%2FS&files=%27s-Gravenhage%2037.jpg","","s-gravenhage","","","","","-1","6017","",""
"Image","6018","1","a0023599-a38d-43c6-b943-67ebb928d198","https://surfdrive.surf.nl/files/index.php/s/xskIw5cVL37umsk/download?path=%2FS&files=%27s-Gravenhage%2038.jpg","","s-gravenhage","","","","","-1","6018","",""
"Image","6019","1","7f51e969-e6fc-45bb-bbc0-f9259dc28c70","https://surfdrive.surf.nl/files/index.php/s/xskIw5cVL37umsk/download?path=%2FS&files=%27s-Gravenhage%2039.jpg","","s-gravenhage","","","","","-1","6019","",""
"Image","6020","1","90bb8487-005a-4cb3-b7a2-7254832ff851","https://surfdrive.surf.nl/files/index.php/s/xskIw5cVL37umsk/download?path=%2FS&files=%27s-Gravenhage%2040.jpg","","s-gravenhage","","","","","-1","6020","",""
"Image","6021","1","4709ac43-8278-49c2-a06d-18b6b1b29e6f","https://surfdrive.surf.nl/files/index.php/s/xskIw5cVL37umsk/download?path=%2FS&files=%27s-Gravenhage%2041.jpg","","s-gravenhage","","","","","-1","6021","",""
"Image","6022","1","9911ffbc-a9a6-4a20-a8db-31cda7536057","https://surfdrive.surf.nl/files/index.php/s/xskIw5cVL37umsk/download?path=%2FS&files=%27s-Gravenmoer%2001.jpg","","s-gravenmoer","","","","","-1","6022","",""
"Image","6023","1","73b4df5f-b696-4e6c-86af-35dd50af410c","https://surfdrive.surf.nl/files/index.php/s/xskIw5cVL37umsk/download?path=%2FS&files=%27s-Gravenmoer%2002.jpg","","s-gravenmoer","","","","","-1","6023","",""
"Image","6024","1","198ccbe3-26bc-401f-9019-dac6bf8a38cf","https://surfdrive.surf.nl/files/index.php/s/xskIw5cVL37umsk/download?path=%2FS&files=%27s-Gravenpolder%2001.jpg","","s-gravenpolder","","","","","-1","6024","",""
"Image","6025","1","6a1779a9-de1a-470f-bcd2-bdb519928932","https://surfdrive.surf.nl/files/index.php/s/xskIw5cVL37umsk/download?path=%2FS&files=%27s-Gravenpolder%2002.jpg","","s-gravenpolder","","","","","-1","6025","",""
"Image","6026","1","3b86e3d1-195f-4962-8dbb-379447fab2a1","https://surfdrive.surf.nl/files/index.php/s/xskIw5cVL37umsk/download?path=%2FS&files=%27s-Gravenvoeren%20(B)%2001.jpg","","s-gravenvoeren-(b)","","","","","-1","6026","",""
"Image","6027","1","01894829-7983-4b66-96e4-0690518d2f35","https://surfdrive.surf.nl/files/index.php/s/xskIw5cVL37umsk/download?path=%2FS&files=%27s-Gravenvoeren%20(B)%2002.jpg","","s-gravenvoeren-(b)","","","","","-1","6027","",""
"Image","6028","1","44719371-8b2c-4921-b78b-e66665fb3991","https://surfdrive.surf.nl/files/index.php/s/xskIw5cVL37umsk/download?path=%2FS&files=%27s-Gravenzande%2001.jpg","","s-gravenzande","","","","","-1","6028","",""
"Image","6029","1","669dfe56-7037-44de-a286-efc9d2be80f4","https://surfdrive.surf.nl/files/index.php/s/xskIw5cVL37umsk/download?path=%2FS&files=%27s-Gravenzande%2002.jpg","","s-gravenzande","","","","","-1","6029","",""
"Image","6030","1","a6c756da-8483-4883-a29a-61b676422f4f","https://surfdrive.surf.nl/files/index.php/s/xskIw5cVL37umsk/download?path=%2FS&files=%27s-Heer%20Abtskerke%2001.jpg","","s-heer-abtskerke","","","","","-1","6030","",""
"Image","6031","1","9ac927e9-a183-40d9-b53f-565c16540b42","https://surfdrive.surf.nl/files/index.php/s/xskIw5cVL37umsk/download?path=%2FS&files=%27s-Heer%20Arendskerke%2001.jpg","","s-heer-arendskerke","","","","","-1","6031","",""
"Image","6032","1","b2057f5b-9575-4365-9a51-925ed11238ba","https://surfdrive.surf.nl/files/index.php/s/xskIw5cVL37umsk/download?path=%2FS&files=%27s-Heer%20Arendskerke%2002.jpg","","s-heer-arendskerke","","","","","-1","6032","",""
"Image","6033","1","410495b1-e007-45ce-9af9-a4bd484eb14f","https://surfdrive.surf.nl/files/index.php/s/xskIw5cVL37umsk/download?path=%2FS&files=%27s-Heer%20Arendskerke%2003.jpg","","s-heer-arendskerke","","","","","-1","6033","",""
"Image","6034","1","98fdc5d1-1c11-4032-99fc-8b86640aa8b7","https://surfdrive.surf.nl/files/index.php/s/xskIw5cVL37umsk/download?path=%2FS&files=%27s-Heer%20Arendskerke%2004.jpg","","s-heer-arendskerke","","","","","-1","6034","",""
"Image","6035","1","f83ed9b0-f893-44b9-b6a7-ccf7b3e40109","https://surfdrive.surf.nl/files/index.php/s/xskIw5cVL37umsk/download?path=%2FS&files=%27s-Heer%20Hendrikskinderen%2001.jpg","","s-heer-hendrikskinderen","","","","","-1","6035","",""
"Image","6036","1","f44578f6-3215-4711-b734-a54520038c58","https://surfdrive.surf.nl/files/index.php/s/xskIw5cVL37umsk/download?path=%2FS&files=%27s-Heer%20Hendrikskinderen%2002.jpg","","s-heer-hendrikskinderen","","","","","-1","6036","",""
"Image","6037","1","014af4e8-0922-414b-ad18-01be631aab6a","https://surfdrive.surf.nl/files/index.php/s/xskIw5cVL37umsk/download?path=%2FS&files=%27s-Heer%20Hendrikskinderen%2003.jpg","","s-heer-hendrikskinderen","","","","","-1","6037","",""
"Image","6038","1","ea890693-4ce7-4b04-9169-656d7dfc79b5","https://surfdrive.surf.nl/files/index.php/s/xskIw5cVL37umsk/download?path=%2FS&files=%27s-Heerenberg%2001.jpg","","s-heerenberg","","","","","-1","6038","",""
"Image","6039","1","f3a435be-7180-4503-b760-f263589050b8","https://surfdrive.surf.nl/files/index.php/s/xskIw5cVL37umsk/download?path=%2FS&files=%27s-Heerenberg%2002.jpg","","s-heerenberg","","","","","-1","6039","",""
"Image","6040","1","460cffd8-238e-4501-afb9-c2169614fb29","https://surfdrive.surf.nl/files/index.php/s/xskIw5cVL37umsk/download?path=%2FS&files=%27s-Heerenberg%2003.jpg","","s-heerenberg","","","","","-1","6040","",""
"Image","6041","1","8d1982e5-7b64-44dd-82e8-d81afea7ac70","https://surfdrive.surf.nl/files/index.php/s/xskIw5cVL37umsk/download?path=%2FS&files=%27s-Heerenberg%2004.jpg","","s-heerenberg","","","","","-1","6041","",""
"Image","6042","1","261850ad-4356-46eb-a486-68802ccd385d","https://surfdrive.surf.nl/files/index.php/s/xskIw5cVL37umsk/download?path=%2FS&files=%27s-Heerenberg%2005.jpg","","s-heerenberg","","","","","-1","6042","",""
"Image","6043","1","49e3af81-71fd-43d6-9319-651247b6dd1f","https://surfdrive.surf.nl/files/index.php/s/xskIw5cVL37umsk/download?path=%2FS&files=%27s-Heerenhoek%2001.jpg","","s-heerenhoek","","","","","-1","6043","",""
"Image","6044","1","044ab60d-1dad-408b-8c2a-1bfbde825926","https://surfdrive.surf.nl/files/index.php/s/xskIw5cVL37umsk/download?path=%2FS&files=%27s-Hertogenbosch%2001.jpg","","s-hertogenbosch","","","","","-1","6044","",""
"Image","6045","1","6aa1adf6-25ba-4848-a3d2-840096cf038a","https://surfdrive.surf.nl/files/index.php/s/xskIw5cVL37umsk/download?path=%2FS&files=%27s-Hertogenbosch%2002.jpg","","s-hertogenbosch","","","","","-1","6045","",""
"Image","6046","1","d8795768-ab2a-4f04-a7fc-f5fda6d8b2c4","https://surfdrive.surf.nl/files/index.php/s/xskIw5cVL37umsk/download?path=%2FS&files=%27s-Hertogenbosch%2003.jpg","","s-hertogenbosch","","","","","-1","6046","",""
"Image","6047","1","1b5caf59-03cc-4058-a5ce-96b3382f7001","https://surfdrive.surf.nl/files/index.php/s/xskIw5cVL37umsk/download?path=%2FS&files=%27s-Hertogenbosch%2004.jpg","","s-hertogenbosch","","","","","-1","6047","",""
"Image","6048","1","ec063927-ba3f-49ae-b605-26add8d18329","https://surfdrive.surf.nl/files/index.php/s/xskIw5cVL37umsk/download?path=%2FS&files=%27s-Hertogenbosch%2005.jpg","","s-hertogenbosch","","","","","-1","6048","",""
"Image","6049","1","0a29a7c7-6645-44a5-83c9-e0d2a70ef2ee","https://surfdrive.surf.nl/files/index.php/s/xskIw5cVL37umsk/download?path=%2FS&files=%27s-Hertogenbosch%2006.jpg","","s-hertogenbosch","","","","","-1","6049","",""
"Image","6050","1","a3dcec15-aa2f-4b9e-b60e-f38b68ce012c","https://surfdrive.surf.nl/files/index.php/s/xskIw5cVL37umsk/download?path=%2FS&files=%27s-Hertogenbosch%2007.jpg","","s-hertogenbosch","","","","","-1","6050","",""
"Image","6051","1","9cc961da-8151-4a37-928d-30852038efc7","https://surfdrive.surf.nl/files/index.php/s/xskIw5cVL37umsk/download?path=%2FS&files=%27s-Hertogenbosch%2008.jpg","","s-hertogenbosch","","","","","-1","6051","",""
"Image","6052","1","37a69db0-1035-4c46-a1c2-182699a2b9c3","https://surfdrive.surf.nl/files/index.php/s/xskIw5cVL37umsk/download?path=%2FS&files=%27s-Hertogenbosch%2009.jpg","","s-hertogenbosch","","","","","-1","6052","",""
"Image","6053","1","0f8f4acf-c2f5-4f43-9190-d0ddb98b0b06","https://surfdrive.surf.nl/files/index.php/s/xskIw5cVL37umsk/download?path=%2FS&files=%27s-Hertogenbosch%2010.jpg","","s-hertogenbosch","","","","","-1","6053","",""
"Image","6054","1","3e171831-9fee-4207-ab11-9f9067bf7f6f","https://surfdrive.surf.nl/files/index.php/s/xskIw5cVL37umsk/download?path=%2FS&files=%27s-Hertogenbosch%2011.jpg","","s-hertogenbosch","","","","","-1","6054","",""
"Image","6055","1","e45a411d-19fd-4c24-8e09-f01c425ea320","https://surfdrive.surf.nl/files/index.php/s/xskIw5cVL37umsk/download?path=%2FS&files=%27s-Hertogenbosch%2012.jpg","","s-hertogenbosch","","","","","-1","6055","",""
"Image","6056","1","36c8a477-d839-4511-95a1-85656aa7931a","https://surfdrive.surf.nl/files/index.php/s/xskIw5cVL37umsk/download?path=%2FS&files=%27s-Hertogenbosch%2013.jpg","","s-hertogenbosch","","","","","-1","6056","",""
"Image","6057","1","3cb2ca0e-6eff-4051-bc5e-0460324adf9a","https://surfdrive.surf.nl/files/index.php/s/xskIw5cVL37umsk/download?path=%2FS&files=%27s-Hertogenbosch%2014.jpg","","s-hertogenbosch","","","","","-1","6057","",""
"Image","6058","1","3ff1ebd0-de52-4e00-b6eb-5b183bb5fd2f","https://surfdrive.surf.nl/files/index.php/s/xskIw5cVL37umsk/download?path=%2FS&files=%27s-Hertogenbosch%2015.jpg","","s-hertogenbosch","","","","","-1","6058","",""
"Image","6059","1","964ed19a-e23c-47d8-b5ea-f31834c260be","https://surfdrive.surf.nl/files/index.php/s/xskIw5cVL37umsk/download?path=%2FS&files=%27s-Hertogenbosch%2016.jpg","","s-hertogenbosch","","","","","-1","6059","",""
"Image","6060","1","cb742604-640d-43a6-a360-5a1759fcff73","https://surfdrive.surf.nl/files/index.php/s/xskIw5cVL37umsk/download?path=%2FS&files=%27s-Hertogenbosch%2017.jpg","","s-hertogenbosch","","","","","-1","6060","",""
"Image","6061","1","ddd26f66-f6e2-4bd9-8245-cd9a6a91e88b","https://surfdrive.surf.nl/files/index.php/s/xskIw5cVL37umsk/download?path=%2FS&files=%27s-Hertogenbosch%2018.jpg","","s-hertogenbosch","","","","","-1","6061","",""
"Image","6062","1","0c730bed-ad57-436e-ada3-3cc2a9d9af6f","https://surfdrive.surf.nl/files/index.php/s/xskIw5cVL37umsk/download?path=%2FS&files=%27s-Hertogenbosch%2019.jpg","","s-hertogenbosch","","","","","-1","6062","",""
"Image","6063","1","7c87b336-d05e-438b-9dcb-5bba7891aaa8","https://surfdrive.surf.nl/files/index.php/s/xskIw5cVL37umsk/download?path=%2FS&files=%27s-Hertogenbosch%2020.jpg","","s-hertogenbosch","","","","","-1","6063","",""
"Image","6064","1","b9f736d1-609f-4815-b36e-32731a6b8d89","https://surfdrive.surf.nl/files/index.php/s/xskIw5cVL37umsk/download?path=%2FS&files=%27s-Hertogenbosch%2021.jpg","","s-hertogenbosch","","","","","-1","6064","",""
"Image","6065","1","ce5ddce5-21c9-4317-be46-c48b97c90e37","https://surfdrive.surf.nl/files/index.php/s/xskIw5cVL37umsk/download?path=%2FS&files=%27s-Hertogenbosch%2022.jpg","","s-hertogenbosch","","","","","-1","6065","",""
"Image","6066","1","0c1ec71c-e810-4a22-80ae-ae2759271f77","https://surfdrive.surf.nl/files/index.php/s/xskIw5cVL37umsk/download?path=%2FS&files=%27s-Hertogenbosch%2023.jpg","","s-hertogenbosch","","","","","-1","6066","",""
"Image","6067","1","377daead-ca87-4c5a-92ae-03001a1f9640","https://surfdrive.surf.nl/files/index.php/s/xskIw5cVL37umsk/download?path=%2FS&files=%27s-Hertogenbosch%2024.jpg","","s-hertogenbosch","","","","","-1","6067","",""
"Image","6068","1","25e5f4af-94e4-4fb0-8f70-480234e49b08","https://surfdrive.surf.nl/files/index.php/s/xskIw5cVL37umsk/download?path=%2FS&files=%27s-Hertogenbosch%2025.jpg","","s-hertogenbosch","","","","","-1","6068","",""
"Image","6069","1","b55f4831-1f8b-4ef8-b51f-0213db77b774","https://surfdrive.surf.nl/files/index.php/s/xskIw5cVL37umsk/download?path=%2FS&files=%27s-Hertogenbosch%2026.jpg","","s-hertogenbosch","","","","","-1","6069","",""
"Image","6070","1","8f334bc9-580e-4bbc-ac20-44a2ca916f4a","https://surfdrive.surf.nl/files/index.php/s/xskIw5cVL37umsk/download?path=%2FS&files=%27s-Hertogenbosch%2027.jpg","","s-hertogenbosch","","","","","-1","6070","",""
"Image","6071","1","0322d147-24b0-4751-b958-59560f188d94","https://surfdrive.surf.nl/files/index.php/s/xskIw5cVL37umsk/download?path=%2FS&files=%27s-Hertogenbosch%2028.jpg","","s-hertogenbosch","","","","","-1","6071","",""
"Image","6072","1","3e8fa7af-e3f1-469f-8a00-f1c30da12629","https://surfdrive.surf.nl/files/index.php/s/xskIw5cVL37umsk/download?path=%2FS&files=%27s-Hertogenbosch%2029.jpg","","s-hertogenbosch","","","","","-1","6072","",""
"Image","6073","1","09020268-4d51-428a-8e08-d2d82a3b4e56","https://surfdrive.surf.nl/files/index.php/s/xskIw5cVL37umsk/download?path=%2FS&files=%27s-Hertogenbosch%2030.jpg","","s-hertogenbosch","","","","","-1","6073","",""
"Image","6074","1","6d97fc1f-3441-4d46-bd4a-633e79c3f959","https://surfdrive.surf.nl/files/index.php/s/xskIw5cVL37umsk/download?path=%2FS&files=%27s-Hertogenbosch%2031.jpg","","s-hertogenbosch","","","","","-1","6074","",""
"Image","6075","1","32431e41-8feb-444c-be5f-246640b2c1a6","https://surfdrive.surf.nl/files/index.php/s/xskIw5cVL37umsk/download?path=%2FS&files=%27s-Hertogenbosch%2032.jpg","","s-hertogenbosch","","","","","-1","6075","",""
"Image","6076","1","60ab5a5e-2693-4517-a014-ee0f6632513c","https://surfdrive.surf.nl/files/index.php/s/xskIw5cVL37umsk/download?path=%2FS&files=%27s-Hertogenbosch%2033.jpg","","s-hertogenbosch","","","","","-1","6076","",""
"Image","6077","1","df28a45b-306d-4f30-8248-9494059ee1fc","https://surfdrive.surf.nl/files/index.php/s/xskIw5cVL37umsk/download?path=%2FS&files=%27s-Hertogenbosch%2034.jpg","","s-hertogenbosch","","","","","-1","6077","",""
"Image","6078","1","62305efd-224c-45e6-b1ac-7e35dd00b5a9","https://surfdrive.surf.nl/files/index.php/s/xskIw5cVL37umsk/download?path=%2FS&files=%27s-Hertogenbosch%2035.jpg","","s-hertogenbosch","","","","","-1","6078","",""
"Image","6079","1","57abb338-c49b-4f87-88bb-d6e89ef01464","https://surfdrive.surf.nl/files/index.php/s/xskIw5cVL37umsk/download?path=%2FS&files=%27s-Hertogenbosch%2036.jpg","","s-hertogenbosch","","","","","-1","6079","",""
"Image","6080","1","475e4cf3-37f5-4832-b559-53657ddc956c","https://surfdrive.surf.nl/files/index.php/s/xskIw5cVL37umsk/download?path=%2FS&files=%27s-Hertogenbosch%2037.jpg","","s-hertogenbosch","","","","","-1","6080","",""
"Image","6081","1","9d0bbedc-f6f7-47d5-8f40-0f4055fd62ea","https://surfdrive.surf.nl/files/index.php/s/xskIw5cVL37umsk/download?path=%2FS&files=%27s-Hertogenbosch%2038.jpg","","s-hertogenbosch","","","","","-1","6081","",""
"Image","6082","1","5aa103bc-62fb-4528-af20-b65ca8d3d9d2","https://surfdrive.surf.nl/files/index.php/s/xskIw5cVL37umsk/download?path=%2FS&files=%27s-Hertogenbosch%2039.jpg","","s-hertogenbosch","","","","","-1","6082","",""
"Image","6083","1","da26f591-09ee-4730-844d-8fa59c3eacd6","https://surfdrive.surf.nl/files/index.php/s/xskIw5cVL37umsk/download?path=%2FS&files=%27s-Hertogenbosch%2040.jpg","","s-hertogenbosch","","","","","-1","6083","",""
"Image","6084","1","928a9350-8e73-44de-af82-ef8661d89c10","https://surfdrive.surf.nl/files/index.php/s/xskIw5cVL37umsk/download?path=%2FS&files=%27s-Hertogenbosch%2041.jpg","","s-hertogenbosch","","","","","-1","6084","",""
"Image","6085","1","d70a839c-9499-4a2c-99ae-e453d185157b","https://surfdrive.surf.nl/files/index.php/s/xskIw5cVL37umsk/download?path=%2FS&files=%27s-Hertogenbosch%2042.jpg","","s-hertogenbosch","","","","","-1","6085","",""
"Image","6115","1","525f7edc-9287-4c4b-9b3e-f9469fb52bae","https://surfdrive.surf.nl/files/index.php/s/xskIw5cVL37umsk/download?path=%2FS&files=S%C3%85sterseel%20(D.)%2001.jpg","","suesterseel-(d.)","","","","","-1","6115","",""
"Image","6116","1","99e1283d-8b36-4750-afca-8c4966ff3247","https://surfdrive.surf.nl/files/index.php/s/xskIw5cVL37umsk/download?path=%2FS&files=S%C3%85sterseel%20(D.)%2002.jpg","","suesterseel-(d.)","","","","","-1","6116","",""
"Image","6243","1","75b6d570-ec58-41df-9bbc-d399fb2859b6","https://surfdrive.surf.nl/files/index.php/s/xskIw5cVL37umsk/download?path=%2FS&files=Sch%C3%AEningsdorf%20(Dld)%2001.jpg","","schoeningsdorf-(dld)","","","","","-1","6243","",""
"Image","6244","1","9b1bcfd3-7999-475a-8b28-c00a7bff8c3b","https://surfdrive.surf.nl/files/index.php/s/xskIw5cVL37umsk/download?path=%2FS&files=Sch%C3%AEningsdorf%20(Dld)%2002.jpg","","schoeningsdorf-(dld)","","","","","-1","6244","",""
"Image","6720","1","f04477b0-9709-4e8e-bf0a-ba2cf3b7f6ad","https://surfdrive.surf.nl/files/index.php/s/xskIw5cVL37umsk/download?path=%2FT&files=%27t%20Goy%2001.jpg","","t-goy","","","","","-1","6720","",""
"Image","6721","1","262e99d7-f5ad-4470-97c9-edbe2c0eb36c","https://surfdrive.surf.nl/files/index.php/s/xskIw5cVL37umsk/download?path=%2FT&files=%27t%20Goy%2002.jpg","","t-goy","","","","","-1","6721","",""
"Image","6722","1","b7abc331-5d64-4124-ad7c-494bf4f1f3d2","https://surfdrive.surf.nl/files/index.php/s/xskIw5cVL37umsk/download?path=%2FT&files=%27t%20Goy%2003.jpg","","t-goy","","","","","-1","6722","",""
"Image","6723","1","8265e684-0592-4064-b17b-2a46caca185b","https://surfdrive.surf.nl/files/index.php/s/xskIw5cVL37umsk/download?path=%2FT&files=%27t%20Harde%2001.jpg","","t-harde","","","","","-1","6723","",""
"Image","6724","1","0388619a-9b27-4627-852e-9f7eec1419d4","https://surfdrive.surf.nl/files/index.php/s/xskIw5cVL37umsk/download?path=%2FT&files=%27t%20Harde%2002.jpg","","t-harde","","","","","-1","6724","",""
"Image","6725","1","4d2613e2-4356-40e6-9971-76eb411b03e9","https://surfdrive.surf.nl/files/index.php/s/xskIw5cVL37umsk/download?path=%2FT&files=%27t%20Harde%2003.jpg","","t-harde","","","","","-1","6725","",""
"Image","6726","1","84eda65f-9842-49b0-8707-d4cfe0deb209","https://surfdrive.surf.nl/files/index.php/s/xskIw5cVL37umsk/download?path=%2FT&files=%27t%20Stift%2001.jpg","","t-stift","","","","","-1","6726","",""
"Image","6727","1","542bfe79-f1e3-49a9-928e-38addc627048","https://surfdrive.surf.nl/files/index.php/s/xskIw5cVL37umsk/download?path=%2FT&files=%27t%20Stift%2002.jpg","","t-stift","","","","","-1","6727","",""
"Image","6728","1","a2eab0c4-1e3d-470e-ba28-5074b880c4a0","https://surfdrive.surf.nl/files/index.php/s/xskIw5cVL37umsk/download?path=%2FT&files=%27t%20Veld%2001.jpg","","t-veld","","","","","-1","6728","",""
"Image","6729","1","e30d18ef-5979-40b8-87c1-2adf3d7a8b9b","https://surfdrive.surf.nl/files/index.php/s/xskIw5cVL37umsk/download?path=%2FT&files=%27t%20Veld%2002.jpg","","t-veld","","","","","-1","6729","",""
"Image","6730","1","3266a47b-49fd-48a9-9bfe-eb4449ab135c","https://surfdrive.surf.nl/files/index.php/s/xskIw5cVL37umsk/download?path=%2FT&files=%27t%20Woudt%2001.jpg","","t-woudt","","","","","-1","6730","",""
"Image","6731","1","285d2e79-7a97-469f-88bc-887d8a52e74d","https://surfdrive.surf.nl/files/index.php/s/xskIw5cVL37umsk/download?path=%2FT&files=%27t%20Woudt%2002.jpg","","t-woudt","","","","","-1","6731","",""
"Image","6732","1","8b943899-e4dd-4e44-8536-7f365e8f440d","https://surfdrive.surf.nl/files/index.php/s/xskIw5cVL37umsk/download?path=%2FT&files=%27t%20Woudt%2003.jpg","","t-woudt","","","","","-1","6732","",""
"Image","6733","1","0b3a404e-b441-4685-bbf8-e71e95857eac","https://surfdrive.surf.nl/files/index.php/s/xskIw5cVL37umsk/download?path=%2FT&files=%27t%20Zand%20(Gr)%2001.jpg","","t-zand-(gr)","","","","","-1","6733","",""
"Image","6734","1","2d7d4b14-2c84-4a2e-a9a1-709123bf5183","https://surfdrive.surf.nl/files/index.php/s/xskIw5cVL37umsk/download?path=%2FT&files=%27t%20Zand%20(Gr)%2002.jpg","","t-zand-(gr)","","","","","-1","6734","",""
"Image","6735","1","db5e4b0d-7d36-43fd-8c7c-d559398ffc05","https://surfdrive.surf.nl/files/index.php/s/xskIw5cVL37umsk/download?path=%2FT&files=%27t%20Zand%20(NH)%2001.jpg","","t-zand-(nh)","","","","","-1","6735","",""
"Image","6934","1","104437bf-f915-4755-a631-0f3074839614","https://surfdrive.surf.nl/files/index.php/s/xskIw5cVL37umsk/download?path=%2FT&files=Tweede%20Exlo%C3%A2rmond%2001.jpg","","tweede-exloermond","","","","","-1","6934","",""
"Image","6935","1","6fe799cc-ad64-4722-bd4c-7311ca961b59","https://surfdrive.surf.nl/files/index.php/s/xskIw5cVL37umsk/download?path=%2FT&files=Tweede%20Exlo%C3%A2rmond%2002.jpg","","tweede-exloermond","","","","","-1","6935","",""